,tokens,dictionary,weights
0,(:,POSEMO,1
1,:),POSEMO,1
2,accept,POSEMO,1
3,accepta*,POSEMO,1
4,accepted,POSEMO,1
5,accepting,POSEMO,1
6,accepts,POSEMO,1
7,active,POSEMO,1
8,actively,POSEMO,1
9,admir*,POSEMO,1
10,ador*,POSEMO,1
11,advantag*,POSEMO,1
12,adventur*,POSEMO,1
13,affection*,POSEMO,1
14,agree,POSEMO,1
15,agreeable,POSEMO,1
16,agreeableness,POSEMO,1
17,agreeably,POSEMO,1
18,agreed,POSEMO,1
19,agreeing,POSEMO,1
20,agreement*,POSEMO,1
21,agrees,POSEMO,1
22,alright*,POSEMO,1
23,amaze*,POSEMO,1
24,amazing,POSEMO,1
25,amazingly,POSEMO,1
26,amor*,POSEMO,1
27,amus*,POSEMO,1
28,aok,POSEMO,1
29,appreciat*,POSEMO,1
30,approv*,POSEMO,1
31,assur*,POSEMO,1
32,attract,POSEMO,1
33,attracted,POSEMO,1
34,attracting,POSEMO,1
35,attraction,POSEMO,1
36,attracts,POSEMO,1
37,award*,POSEMO,1
38,awesome,POSEMO,1
39,beautiful,POSEMO,1
40,beautify,POSEMO,1
41,beauty,POSEMO,1
42,beloved,POSEMO,1
43,benefic*,POSEMO,1
44,benefit,POSEMO,1
45,benefits,POSEMO,1
46,benefitt*,POSEMO,1
47,benevolen*,POSEMO,1
48,best,POSEMO,1
49,bestest,POSEMO,1
50,bestie,POSEMO,1
51,besties,POSEMO,1
52,better,POSEMO,1
53,bless*,POSEMO,1
54,bliss*,POSEMO,1
55,bold,POSEMO,1
56,bolder,POSEMO,1
57,boldest,POSEMO,1
58,boldly,POSEMO,1
59,bonus*,POSEMO,1
60,brave,POSEMO,1
61,braved,POSEMO,1
62,braver,POSEMO,1
63,bravery,POSEMO,1
64,braves,POSEMO,1
65,bravest,POSEMO,1
66,bright,POSEMO,1
67,brilliance*,POSEMO,1
68,brilliant,POSEMO,1
69,brilliantly,POSEMO,1
70,calm,POSEMO,1
71,calmer,POSEMO,1
72,calmest,POSEMO,1
73,calming,POSEMO,1
74,care,POSEMO,1
75,cared,POSEMO,1
76,carefree,POSEMO,1
77,cares,POSEMO,1
78,caring,POSEMO,1
79,certain*,POSEMO,1
80,challeng*,POSEMO,1
81,champ*,POSEMO,1
82,charit*,POSEMO,1
83,charm*,POSEMO,1
84,cheer,POSEMO,1
85,cheerful,POSEMO,1
86,cheers,POSEMO,1
87,cheery,POSEMO,1
88,cherish*,POSEMO,1
89,chuckl*,POSEMO,1
90,clever,POSEMO,1
91,comed*,POSEMO,1
92,comfort,POSEMO,1
93,comfortable,POSEMO,1
94,comfortably,POSEMO,1
95,comforting,POSEMO,1
96,comforts,POSEMO,1
97,compassion*,POSEMO,1
98,compliment*,POSEMO,1
99,confidence,POSEMO,1
100,confident,POSEMO,1
101,confidently,POSEMO,1
102,considerate,POSEMO,1
103,contented*,POSEMO,1
104,contentment,POSEMO,1
105,cool,POSEMO,1
106,courag*,POSEMO,1
107,create,POSEMO,1
108,created,POSEMO,1
109,creates,POSEMO,1
110,creating,POSEMO,1
111,creation,POSEMO,1
112,creations,POSEMO,1
113,creative,POSEMO,1
114,creativity,POSEMO,1
115,credit*,POSEMO,1
116,cute,POSEMO,1
117,cuter,POSEMO,1
118,cutest,POSEMO,1
119,cutie*,POSEMO,1
120,daring,POSEMO,1
121,darlin*,POSEMO,1
122,dear,POSEMO,1
123,dearly,POSEMO,1
124,decent,POSEMO,1
125,definitely,POSEMO,1
126,delectabl*,POSEMO,1
127,delicate*,POSEMO,1
128,delicious*,POSEMO,1
129,deligh*,POSEMO,1
130,desir*,POSEMO,1
131,determina*,POSEMO,1
132,determined,POSEMO,1
133,devot*,POSEMO,1
134,dignified,POSEMO,1
135,dignifies,POSEMO,1
136,dignifying,POSEMO,1
137,dignity,POSEMO,1
138,divin*,POSEMO,1
139,eager,POSEMO,1
140,eagerly,POSEMO,1
141,eagerness,POSEMO,1
142,ease*,POSEMO,1
143,easier,POSEMO,1
144,easiest,POSEMO,1
145,easily,POSEMO,1
146,easiness,POSEMO,1
147,easing,POSEMO,1
148,easy*,POSEMO,1
149,ecsta*,POSEMO,1
150,elegan*,POSEMO,1
151,encourag*,POSEMO,1
152,energ*,POSEMO,1
153,engag*,POSEMO,1
154,enjoy*,POSEMO,1
155,entertain*,POSEMO,1
156,enthus*,POSEMO,1
157,excel,POSEMO,1
158,excelled,POSEMO,1
159,excellence,POSEMO,1
160,excellent,POSEMO,1
161,excellently,POSEMO,1
162,excelling,POSEMO,1
163,excels,POSEMO,1
164,excite,POSEMO,1
165,excited,POSEMO,1
166,excitedly,POSEMO,1
167,excitement,POSEMO,1
168,exciting,POSEMO,1
169,fab,POSEMO,1
170,fabulous,POSEMO,1
171,fabulously,POSEMO,1
172,fabulousness,POSEMO,1
173,fair,POSEMO,1
174,fairer,POSEMO,1
175,fairest,POSEMO,1
176,faith*,POSEMO,1
177,fantasi*,POSEMO,1
178,fantastic,POSEMO,1
179,fantastical,POSEMO,1
180,fantastically,POSEMO,1
181,fantasy,POSEMO,1
182,fav,POSEMO,1
183,fave,POSEMO,1
184,favor,POSEMO,1
185,favoring,POSEMO,1
186,favorite,POSEMO,1
187,favors,POSEMO,1
188,favour*,POSEMO,1
189,fearless*,POSEMO,1
190,festiv*,POSEMO,1
191,fiesta*,POSEMO,1
192,fine,POSEMO,1
193,finer,POSEMO,1
194,finest,POSEMO,1
195,flatter*,POSEMO,1
196,flawless*,POSEMO,1
197,flexib*,POSEMO,1
198,flirt,POSEMO,1
199,flirtatious,POSEMO,1
200,flirting,POSEMO,1
201,flirts,POSEMO,1
202,flirty,POSEMO,1
203,fond,POSEMO,1
204,fondly,POSEMO,1
205,fondness,POSEMO,1
206,forgave,POSEMO,1
207,forgiv*,POSEMO,1
208,fortunately,POSEMO,1
209,free,POSEMO,1
210,free-think*,POSEMO,1
211,freed*,POSEMO,1
212,freeing,POSEMO,1
213,freely,POSEMO,1
214,frees*,POSEMO,1
215,freethink*,POSEMO,1
216,fun,POSEMO,1
217,funner,POSEMO,1
218,funnest,POSEMO,1
219,funnier,POSEMO,1
220,funnies,POSEMO,1
221,funniest,POSEMO,1
222,funnily,POSEMO,1
223,funniness,POSEMO,1
224,funny,POSEMO,1
225,genero*,POSEMO,1
226,gentle,POSEMO,1
227,gentler,POSEMO,1
228,gentlest,POSEMO,1
229,gently,POSEMO,1
230,giggl*,POSEMO,1
231,giver*,POSEMO,1
232,giving,POSEMO,1
233,glad,POSEMO,1
234,gladly,POSEMO,1
235,glamor*,POSEMO,1
236,glamour*,POSEMO,1
237,glori*,POSEMO,1
238,glory,POSEMO,1
239,good,POSEMO,1
240,goodness,POSEMO,1
241,gorgeous,POSEMO,1
242,gorgeously,POSEMO,1
243,gorgeousness,POSEMO,1
244,grace,POSEMO,1
245,graced,POSEMO,1
246,graceful*,POSEMO,1
247,graces,POSEMO,1
248,graci*,POSEMO,1
249,grand,POSEMO,1
250,grande*,POSEMO,1
251,gratef*,POSEMO,1
252,grati*,POSEMO,1
253,great,POSEMO,1
254,greater,POSEMO,1
255,greatest,POSEMO,1
256,greatness,POSEMO,1
257,grin,POSEMO,1
258,grinn*,POSEMO,1
259,grins,POSEMO,1
260,ha,POSEMO,1
261,hah,POSEMO,1
262,haha*,POSEMO,1
263,handsome,POSEMO,1
264,handsomely,POSEMO,1
265,handsomest,POSEMO,1
266,happier,POSEMO,1
267,happiest,POSEMO,1
268,happily,POSEMO,1
269,happiness,POSEMO,1
270,happy,POSEMO,1
271,harmon*,POSEMO,1
272,heal,POSEMO,1
273,healed,POSEMO,1
274,healer*,POSEMO,1
275,healing,POSEMO,1
276,heals,POSEMO,1
277,healthy,POSEMO,1
278,heartfelt,POSEMO,1
279,heartwarm*,POSEMO,1
280,heaven*,POSEMO,1
281,heh*,POSEMO,1
282,helper*,POSEMO,1
283,helpful,POSEMO,1
284,helpfully,POSEMO,1
285,helpfulness,POSEMO,1
286,helping,POSEMO,1
287,helps,POSEMO,1
288,hero,POSEMO,1
289,hero's,POSEMO,1
290,heroes,POSEMO,1
291,heroic*,POSEMO,1
292,heroine*,POSEMO,1
293,heroism,POSEMO,1
294,hilarious,POSEMO,1
295,hoho*,POSEMO,1
296,honest,POSEMO,1
297,honestly,POSEMO,1
298,honesty,POSEMO,1
299,honor*,POSEMO,1
300,honour*,POSEMO,1
301,hooray,POSEMO,1
302,hope,POSEMO,1
303,hoped,POSEMO,1
304,hopeful,POSEMO,1
305,hopefully,POSEMO,1
306,hopes,POSEMO,1
307,hoping,POSEMO,1
308,hug,POSEMO,1
309,hugg*,POSEMO,1
310,hugs,POSEMO,1
311,humor*,POSEMO,1
312,humour*,POSEMO,1
313,hurra*,POSEMO,1
314,ideal*,POSEMO,1
315,ily*,POSEMO,1
316,importance,POSEMO,1
317,important,POSEMO,1
318,importantly,POSEMO,1
319,impress*,POSEMO,1
320,improve*,POSEMO,1
321,improving,POSEMO,1
322,incentive*,POSEMO,1
323,innocen*,POSEMO,1
324,inspir*,POSEMO,1
325,intellect*,POSEMO,1
326,intelligence,POSEMO,1
327,intelligent,POSEMO,1
328,interest,POSEMO,1
329,interested,POSEMO,1
330,interesting,POSEMO,1
331,interests,POSEMO,1
332,invigor*,POSEMO,1
333,joke*,POSEMO,1
334,joking,POSEMO,1
335,jolly,POSEMO,1
336,joy*,POSEMO,1
337,keen*,POSEMO,1
338,kidding,POSEMO,1
339,kind,POSEMO,1
340,kindly,POSEMO,1
341,kindn*,POSEMO,1
342,kiss*,POSEMO,1
343,laidback,POSEMO,1
344,laugh*,POSEMO,1
345,legit,POSEMO,1
346,libert*,POSEMO,1
347,to like,POSEMO,1
348,likeab*,POSEMO,1
349,liked,POSEMO,1
350,likes,POSEMO,1
351,liking,POSEMO,1
352,livel*,POSEMO,1
353,lmao*,POSEMO,1
354,lmfao*,POSEMO,1
355,lol,POSEMO,1
356,love,POSEMO,1
357,loved,POSEMO,1
358,lovelier,POSEMO,1
359,loveliest,POSEMO,1
360,lovely,POSEMO,1
361,lover*,POSEMO,1
362,loves,POSEMO,1
363,loving*,POSEMO,1
364,loyal,POSEMO,1
365,loyalt*,POSEMO,1
366,luck,POSEMO,1
367,lucked,POSEMO,1
368,luckier,POSEMO,1
369,luckiest,POSEMO,1
370,luckily,POSEMO,1
371,lucky,POSEMO,1
372,luv,POSEMO,1
373,magnific*,POSEMO,1
374,merit*,POSEMO,1
375,merr*,POSEMO,1
376,neat,POSEMO,1
377,neater,POSEMO,1
378,neatest,POSEMO,1
379,neatness,POSEMO,1
380,nice,POSEMO,1
381,nicely,POSEMO,1
382,niceness*,POSEMO,1
383,nicer,POSEMO,1
384,nicest,POSEMO,1
385,niceties,POSEMO,1
386,nurtur*,POSEMO,1
387,ok,POSEMO,1
388,okay,POSEMO,1
389,okayed,POSEMO,1
390,okays,POSEMO,1
391,okey*,POSEMO,1
392,oks,POSEMO,1
393,open-minded*,POSEMO,1
394,openminded*,POSEMO,1
395,openness,POSEMO,1
396,opportun*,POSEMO,1
397,optimal*,POSEMO,1
398,optimism,POSEMO,1
399,optimistic,POSEMO,1
400,original,POSEMO,1
401,outgoing,POSEMO,1
402,paradise*,POSEMO,1
403,partie*,POSEMO,1
404,party*,POSEMO,1
405,passion*,POSEMO,1
406,peace,POSEMO,1
407,peaceful,POSEMO,1
408,peacefully,POSEMO,1
409,peacekeep*,POSEMO,1
410,peacemak*,POSEMO,1
411,perfect,POSEMO,1
412,perfected,POSEMO,1
413,perfecting,POSEMO,1
414,perfection,POSEMO,1
415,perfectly,POSEMO,1
416,play,POSEMO,1
417,played,POSEMO,1
418,playful,POSEMO,1
419,playfully,POSEMO,1
420,playfulness,POSEMO,1
421,playing,POSEMO,1
422,plays,POSEMO,1
423,pleasant*,POSEMO,1
424,please*,POSEMO,1
425,pleasing,POSEMO,1
426,pleasur*,POSEMO,1
427,polite,POSEMO,1
428,politely,POSEMO,1
429,popular,POSEMO,1
430,populari*,POSEMO,1
431,positive,POSEMO,1
432,positively,POSEMO,1
433,positives,POSEMO,1
434,positivi*,POSEMO,1
435,prais*,POSEMO,1
436,precious*,POSEMO,1
437,prettier,POSEMO,1
438,prettiest,POSEMO,1
439,pretty,POSEMO,1
440,pride,POSEMO,1
441,privileg*,POSEMO,1
442,prize*,POSEMO,1
443,profit*,POSEMO,1
444,promise*,POSEMO,1
445,promising,POSEMO,1
446,proud,POSEMO,1
447,prouder,POSEMO,1
448,proudest,POSEMO,1
449,proudly,POSEMO,1
450,radian*,POSEMO,1
451,readiness,POSEMO,1
452,ready,POSEMO,1
453,reassur*,POSEMO,1
454,reinvigor*,POSEMO,1
455,rejoice*,POSEMO,1
456,relax*,POSEMO,1
457,relief,POSEMO,1
458,reliev*,POSEMO,1
459,resolv*,POSEMO,1
460,respect,POSEMO,1
461,respected,POSEMO,1
462,respectful,POSEMO,1
463,respectfully,POSEMO,1
464,respecting,POSEMO,1
465,reward*,POSEMO,1
466,rich,POSEMO,1
467,richer,POSEMO,1
468,riches,POSEMO,1
469,richest,POSEMO,1
470,rofl*,POSEMO,1
471,romanc*,POSEMO,1
472,romantic*,POSEMO,1
473,safe,POSEMO,1
474,safely,POSEMO,1
475,safer,POSEMO,1
476,safest,POSEMO,1
477,safety,POSEMO,1
478,satisf*,POSEMO,1
479,save,POSEMO,1
480,scrumptious*,POSEMO,1
481,secur*,POSEMO,1
482,sentimental*,POSEMO,1
483,sexy,POSEMO,1
484,share,POSEMO,1
485,shared,POSEMO,1
486,shares,POSEMO,1
487,sharing,POSEMO,1
488,sillier,POSEMO,1
489,silliest,POSEMO,1
490,silly,POSEMO,1
491,sincer*,POSEMO,1
492,smart,POSEMO,1
493,smarter,POSEMO,1
494,smartest,POSEMO,1
495,smartly,POSEMO,1
496,smil*,POSEMO,1
497,sociability,POSEMO,1
498,sociable,POSEMO,1
499,soulmate*,POSEMO,1
500,special,POSEMO,1
501,splendid,POSEMO,1
502,splendidly,POSEMO,1
503,splendor,POSEMO,1
504,strength*,POSEMO,1
505,strong,POSEMO,1
506,stronger,POSEMO,1
507,strongest,POSEMO,1
508,strongly,POSEMO,1
509,succeed*,POSEMO,1
510,success,POSEMO,1
511,successes,POSEMO,1
512,successful,POSEMO,1
513,successfully,POSEMO,1
514,sunnier,POSEMO,1
515,sunniest,POSEMO,1
516,sunny,POSEMO,1
517,sunshin*,POSEMO,1
518,super,POSEMO,1
519,superb*,POSEMO,1
520,superior,POSEMO,1
521,support,POSEMO,1
522,supported,POSEMO,1
523,supporter*,POSEMO,1
524,supporting,POSEMO,1
525,supportive,POSEMO,1
526,supports,POSEMO,1
527,suprem*,POSEMO,1
528,sure*,POSEMO,1
529,surprise,POSEMO,1
530,surprised*,POSEMO,1
531,surprising*,POSEMO,1
532,sweet,POSEMO,1
533,sweeter,POSEMO,1
534,sweetest,POSEMO,1
535,sweetheart*,POSEMO,1
536,sweetie*,POSEMO,1
537,sweetly,POSEMO,1
538,sweetness*,POSEMO,1
539,sweets,POSEMO,1
540,talent*,POSEMO,1
541,teehe*,POSEMO,1
542,tender,POSEMO,1
543,tenderly,POSEMO,1
544,terrific,POSEMO,1
545,terrifically,POSEMO,1
546,thank,POSEMO,1
547,thanked,POSEMO,1
548,thankful,POSEMO,1
549,thankfully,POSEMO,1
550,thanking,POSEMO,1
551,thanks,POSEMO,1
552,thanx,POSEMO,1
553,thnx,POSEMO,1
554,thoughtful*,POSEMO,1
555,thrill*,POSEMO,1
556,thx,POSEMO,1
557,toleran*,POSEMO,1
558,tranquil*,POSEMO,1
559,treasur*,POSEMO,1
560,treat,POSEMO,1
561,triumph*,POSEMO,1
562,true,POSEMO,1
563,truer,POSEMO,1
564,truest,POSEMO,1
565,truly,POSEMO,1
566,trust,POSEMO,1
567,trusted,POSEMO,1
568,trusting,POSEMO,1
569,trusts,POSEMO,1
570,trustworthiness,POSEMO,1
571,trustworthy,POSEMO,1
572,trusty,POSEMO,1
573,truth*,POSEMO,1
574,ty,POSEMO,1
575,upbeat,POSEMO,1
576,useful,POSEMO,1
577,usefully,POSEMO,1
578,usefulness,POSEMO,1
579,valuabl*,POSEMO,1
580,value,POSEMO,1
581,valued,POSEMO,1
582,values,POSEMO,1
583,valuing,POSEMO,1
584,vigor*,POSEMO,1
585,vigour*,POSEMO,1
586,virtue*,POSEMO,1
587,virtuo*,POSEMO,1
588,vital*,POSEMO,1
589,warm,POSEMO,1
590,warmed,POSEMO,1
591,warmer,POSEMO,1
592,warmest,POSEMO,1
593,warming,POSEMO,1
594,warmly,POSEMO,1
595,warms,POSEMO,1
596,warmth,POSEMO,1
597,wealth,POSEMO,1
598,wealthier,POSEMO,1
599,wealthiest,POSEMO,1
600,wealthy,POSEMO,1
601,welcom*,POSEMO,1
602,well,POSEMO,1
603,wellbeing,POSEMO,1
604,wellness,POSEMO,1
605,win,POSEMO,1
606,winn*,POSEMO,1
607,wins,POSEMO,1
608,wisdom,POSEMO,1
609,wise,POSEMO,1
610,wisely,POSEMO,1
611,wiser,POSEMO,1
612,wisest,POSEMO,1
613,won,POSEMO,1
614,wonderful,POSEMO,1
615,wonderfully,POSEMO,1
616,worship*,POSEMO,1
617,worthwhile,POSEMO,1
618,wow*,POSEMO,1
619,yay*,POSEMO,1
620,yum,POSEMO,1
621,yummy,POSEMO,1
622,):,NEGEMO,1
623,:(,NEGEMO,1
624,abandon*,NEGEMO,1
625,abuse*,NEGEMO,1
626,abusi*,NEGEMO,1
627,ache*,NEGEMO,1
628,aching*,NEGEMO,1
629,advers*,NEGEMO,1
630,afraid,NEGEMO,1
631,aggravat*,NEGEMO,1
632,aggress,NEGEMO,1
633,aggressed,NEGEMO,1
634,aggresses,NEGEMO,1
635,aggressing,NEGEMO,1
636,aggression*,NEGEMO,1
637,aggressive,NEGEMO,1
638,aggressively,NEGEMO,1
639,aggressor*,NEGEMO,1
640,agitat*,NEGEMO,1
641,agoniz*,NEGEMO,1
642,agony,NEGEMO,1
643,alarm*,NEGEMO,1
644,alone,NEGEMO,1
645,anger*,NEGEMO,1
646,angrier,NEGEMO,1
647,angriest,NEGEMO,1
648,angry,NEGEMO,1
649,anguish*,NEGEMO,1
650,annoy,NEGEMO,1
651,annoyed,NEGEMO,1
652,annoying,NEGEMO,1
653,annoys,NEGEMO,1
654,antagoni*,NEGEMO,1
655,anxiety,NEGEMO,1
656,anxious,NEGEMO,1
657,anxiously,NEGEMO,1
658,anxiousness,NEGEMO,1
659,apath*,NEGEMO,1
660,appall*,NEGEMO,1
661,apprehens*,NEGEMO,1
662,argh*,NEGEMO,1
663,argu*,NEGEMO,1
664,arrogan*,NEGEMO,1
665,asham*,NEGEMO,1
666,assault*,NEGEMO,1
667,asshole*,NEGEMO,1
668,attack*,NEGEMO,1
669,aversi*,NEGEMO,1
670,avoid*,NEGEMO,1
671,awful,NEGEMO,1
672,awkward,NEGEMO,1
673,bad,NEGEMO,1
674,badly,NEGEMO,1
675,bashful*,NEGEMO,1
676,bastard*,NEGEMO,1
677,battl*,NEGEMO,1
678,beaten,NEGEMO,1
679,bereave*,NEGEMO,1
680,bitch*,NEGEMO,1
681,bitter,NEGEMO,1
682,bitterly,NEGEMO,1
683,bitterness,NEGEMO,1
684,blam*,NEGEMO,1
685,bore*,NEGEMO,1
686,boring,NEGEMO,1
687,bother*,NEGEMO,1
688,broke,NEGEMO,1
689,brutal*,NEGEMO,1
690,burden*,NEGEMO,1
691,careless*,NEGEMO,1
692,cheat*,NEGEMO,1
693,coldly,NEGEMO,1
694,complain*,NEGEMO,1
695,condemn*,NEGEMO,1
696,confront*,NEGEMO,1
697,confuse,NEGEMO,1
698,confused,NEGEMO,1
699,confusedly,NEGEMO,1
700,confusing,NEGEMO,1
701,contempt*,NEGEMO,1
702,contradic*,NEGEMO,1
703,crap,NEGEMO,1
704,crappy,NEGEMO,1
705,crazy,NEGEMO,1
706,cried,NEGEMO,1
707,cries,NEGEMO,1
708,critical,NEGEMO,1
709,critici*,NEGEMO,1
710,crude,NEGEMO,1
711,crudely,NEGEMO,1
712,cruel,NEGEMO,1
713,crueler,NEGEMO,1
714,cruelest,NEGEMO,1
715,cruelty,NEGEMO,1
716,crushed,NEGEMO,1
717,cry,NEGEMO,1
718,crying,NEGEMO,1
719,cunt*,NEGEMO,1
720,curse,NEGEMO,1
721,cut,NEGEMO,1
722,cynic*,NEGEMO,1
723,damag*,NEGEMO,1
724,damn*,NEGEMO,1
725,danger,NEGEMO,1
726,dangerous,NEGEMO,1
727,dangerously,NEGEMO,1
728,dangers,NEGEMO,1
729,daze*,NEGEMO,1
730,decay*,NEGEMO,1
731,deceptive,NEGEMO,1
732,deciev*,NEGEMO,1
733,defeat*,NEGEMO,1
734,defect*,NEGEMO,1
735,defenc*,NEGEMO,1
736,defend*,NEGEMO,1
737,defense,NEGEMO,1
738,defenseless,NEGEMO,1
739,defensive,NEGEMO,1
740,defensively,NEGEMO,1
741,defensiveness,NEGEMO,1
742,degrad*,NEGEMO,1
743,demean*,NEGEMO,1
744,demot*,NEGEMO,1
745,denial,NEGEMO,1
746,depress*,NEGEMO,1
747,depriv*,NEGEMO,1
748,despair*,NEGEMO,1
749,desperat*,NEGEMO,1
750,despis*,NEGEMO,1
751,destroy*,NEGEMO,1
752,destruct,NEGEMO,1
753,destructed,NEGEMO,1
754,destruction,NEGEMO,1
755,destructive,NEGEMO,1
756,destructivness,NEGEMO,1
757,devastat*,NEGEMO,1
758,devensiveness,NEGEMO,1
759,devil*,NEGEMO,1
760,difficult,NEGEMO,1
761,difficulties,NEGEMO,1
762,difficulty,NEGEMO,1
763,disadvantag*,NEGEMO,1
764,disagree*,NEGEMO,1
765,disappoint*,NEGEMO,1
766,disaster*,NEGEMO,1
767,discomfort*,NEGEMO,1
768,discourag*,NEGEMO,1
769,disgrac*,NEGEMO,1
770,disgust*,NEGEMO,1
771,dishearten*,NEGEMO,1
772,dishonor*,NEGEMO,1
773,disillusion*,NEGEMO,1
774,dislike,NEGEMO,1
775,disliked,NEGEMO,1
776,dislikes,NEGEMO,1
777,disliking,NEGEMO,1
778,dismay*,NEGEMO,1
779,disreput*,NEGEMO,1
780,diss,NEGEMO,1
781,dissatisf*,NEGEMO,1
782,distraught,NEGEMO,1
783,distress*,NEGEMO,1
784,distrust*,NEGEMO,1
785,disturb*,NEGEMO,1
786,domina*,NEGEMO,1
787,doom*,NEGEMO,1
788,dork*,NEGEMO,1
789,doubt*,NEGEMO,1
790,dread*,NEGEMO,1
791,dull,NEGEMO,1
792,dumb,NEGEMO,1
793,dumbass*,NEGEMO,1
794,dumber,NEGEMO,1
795,dumbest,NEGEMO,1
796,dummy,NEGEMO,1
797,dump*,NEGEMO,1
798,dwell*,NEGEMO,1
799,egotis*,NEGEMO,1
800,embarrass*,NEGEMO,1
801,emotional,NEGEMO,1
802,emptier,NEGEMO,1
803,emptiest,NEGEMO,1
804,emptiness,NEGEMO,1
805,empty,NEGEMO,1
806,enemie*,NEGEMO,1
807,enemy*,NEGEMO,1
808,enrag*,NEGEMO,1
809,envie*,NEGEMO,1
810,envious,NEGEMO,1
811,envy*,NEGEMO,1
812,evil,NEGEMO,1
813,excruciat*,NEGEMO,1
814,exhaust*,NEGEMO,1
815,fail*,NEGEMO,1
816,fake,NEGEMO,1
817,fatal*,NEGEMO,1
818,fatigu*,NEGEMO,1
819,fault*,NEGEMO,1
820,fear,NEGEMO,1
821,feared,NEGEMO,1
822,fearful*,NEGEMO,1
823,fearing,NEGEMO,1
824,fears,NEGEMO,1
825,feroc*,NEGEMO,1
826,feud*,NEGEMO,1
827,fiery,NEGEMO,1
828,fight*,NEGEMO,1
829,fired,NEGEMO,1
830,flunk*,NEGEMO,1
831,foe*,NEGEMO,1
832,fool,NEGEMO,1
833,fooled,NEGEMO,1
834,fooling,NEGEMO,1
835,foolish,NEGEMO,1
836,foolishly,NEGEMO,1
837,fools,NEGEMO,1
838,forbade,NEGEMO,1
839,forbid,NEGEMO,1
840,forbidden,NEGEMO,1
841,forbidding,NEGEMO,1
842,forbids,NEGEMO,1
843,fought,NEGEMO,1
844,frantic*,NEGEMO,1
845,freak*,NEGEMO,1
846,fright*,NEGEMO,1
847,frustrat*,NEGEMO,1
848,fuck,NEGEMO,1
849,fucked*,NEGEMO,1
850,fucker*,NEGEMO,1
851,fuckface*,NEGEMO,1
852,fuckh*,NEGEMO,1
853,fuckin*,NEGEMO,1
854,fucks,NEGEMO,1
855,fucktard,NEGEMO,1
856,fucktwat*,NEGEMO,1
857,fuckwad*,NEGEMO,1
858,fume*,NEGEMO,1
859,fuming,NEGEMO,1
860,furious*,NEGEMO,1
861,fury,NEGEMO,1
862,geek*,NEGEMO,1
863,gloom,NEGEMO,1
864,gloomier,NEGEMO,1
865,gloomiest,NEGEMO,1
866,gloomily,NEGEMO,1
867,gloominess,NEGEMO,1
868,gloomy,NEGEMO,1
869,goddam*,NEGEMO,1
870,good-for-nothing,NEGEMO,1
871,gossip*,NEGEMO,1
872,grave*,NEGEMO,1
873,greed*,NEGEMO,1
874,grief,NEGEMO,1
875,griev*,NEGEMO,1
876,grim,NEGEMO,1
877,grimac*,NEGEMO,1
878,grimly,NEGEMO,1
879,gross,NEGEMO,1
880,grossed,NEGEMO,1
881,grosser,NEGEMO,1
882,grossest,NEGEMO,1
883,grossing,NEGEMO,1
884,grossly,NEGEMO,1
885,grossness,NEGEMO,1
886,grouch*,NEGEMO,1
887,grr*,NEGEMO,1
888,grudg*,NEGEMO,1
889,guilt,NEGEMO,1
890,guilt-trip*,NEGEMO,1
891,guiltier,NEGEMO,1
892,guiltiest,NEGEMO,1
893,guilty,NEGEMO,1
894,hangover*,NEGEMO,1
895,harass*,NEGEMO,1
896,harm,NEGEMO,1
897,harmed,NEGEMO,1
898,harmful,NEGEMO,1
899,harmfully,NEGEMO,1
900,harmfulness,NEGEMO,1
901,harming,NEGEMO,1
902,harms,NEGEMO,1
903,harsh,NEGEMO,1
904,hate,NEGEMO,1
905,hated,NEGEMO,1
906,hateful*,NEGEMO,1
907,hater*,NEGEMO,1
908,hates,NEGEMO,1
909,hating,NEGEMO,1
910,hatred,NEGEMO,1
911,haunted,NEGEMO,1
912,hazard*,NEGEMO,1
913,heartbreak*,NEGEMO,1
914,heartbroke*,NEGEMO,1
915,heartless*,NEGEMO,1
916,hell,NEGEMO,1
917,hellish,NEGEMO,1
918,helpless*,NEGEMO,1
919,hesita*,NEGEMO,1
920,homesick*,NEGEMO,1
921,hopeless*,NEGEMO,1
922,horrible,NEGEMO,1
923,horribly,NEGEMO,1
924,horrid*,NEGEMO,1
925,horror*,NEGEMO,1
926,hostil*,NEGEMO,1
927,humiliat*,NEGEMO,1
928,hungover,NEGEMO,1
929,hurt*,NEGEMO,1
930,idiot*,NEGEMO,1
931,ignorable,NEGEMO,1
932,ignoramus,NEGEMO,1
933,ignorant,NEGEMO,1
934,ignore,NEGEMO,1
935,ignored,NEGEMO,1
936,ignores,NEGEMO,1
937,ignoring,NEGEMO,1
938,immoral*,NEGEMO,1
939,impatien*,NEGEMO,1
940,impersonal,NEGEMO,1
941,impolite*,NEGEMO,1
942,inadequa*,NEGEMO,1
943,incompeten*,NEGEMO,1
944,indecis*,NEGEMO,1
945,ineffect*,NEGEMO,1
946,inferior,NEGEMO,1
947,inferiority,NEGEMO,1
948,inhibit*,NEGEMO,1
949,insecur*,NEGEMO,1
950,insincer*,NEGEMO,1
951,insult*,NEGEMO,1
952,interrup*,NEGEMO,1
953,intimidat*,NEGEMO,1
954,irrational*,NEGEMO,1
955,irrita*,NEGEMO,1
956,isolat*,NEGEMO,1
957,jaded,NEGEMO,1
958,jealous,NEGEMO,1
959,jealousies,NEGEMO,1
960,jealously,NEGEMO,1
961,jealousy,NEGEMO,1
962,jerk,NEGEMO,1
963,jerked,NEGEMO,1
964,jerks,NEGEMO,1
965,kill*,NEGEMO,1
966,lame,NEGEMO,1
967,lamely,NEGEMO,1
968,lameness,NEGEMO,1
969,lamer,NEGEMO,1
970,lamest,NEGEMO,1
971,lazier,NEGEMO,1
972,laziest,NEGEMO,1
973,lazy,NEGEMO,1
974,liabilit*,NEGEMO,1
975,liar*,NEGEMO,1
976,lied,NEGEMO,1
977,lies,NEGEMO,1
978,lone,NEGEMO,1
979,lonelier,NEGEMO,1
980,loneliest,NEGEMO,1
981,loneliness,NEGEMO,1
982,lonely,NEGEMO,1
983,loner*,NEGEMO,1
984,longing*,NEGEMO,1
985,lose,NEGEMO,1
986,loser*,NEGEMO,1
987,loses,NEGEMO,1
988,losing,NEGEMO,1
989,loss*,NEGEMO,1
990,lost,NEGEMO,1
991,lous*,NEGEMO,1
992,loveless,NEGEMO,1
993,low,NEGEMO,1
994,lower,NEGEMO,1
995,lowered,NEGEMO,1
996,lowering,NEGEMO,1
997,lowers,NEGEMO,1
998,lowest,NEGEMO,1
999,lowli*,NEGEMO,1
1000,lowly,NEGEMO,1
1001,luckless*,NEGEMO,1
1002,ludicrous*,NEGEMO,1
1003,lying,NEGEMO,1
1004,mad,NEGEMO,1
1005,maddening*,NEGEMO,1
1006,madder,NEGEMO,1
1007,maddest,NEGEMO,1
1008,maniac*,NEGEMO,1
1009,masochis*,NEGEMO,1
1010,meaner,NEGEMO,1
1011,meanest,NEGEMO,1
1012,melanchol*,NEGEMO,1
1013,mess,NEGEMO,1
1014,messier,NEGEMO,1
1015,messiest,NEGEMO,1
1016,messy,NEGEMO,1
1017,miser*,NEGEMO,1
1018,miss,NEGEMO,1
1019,missed,NEGEMO,1
1020,misses,NEGEMO,1
1021,missing,NEGEMO,1
1022,mistak*,NEGEMO,1
1023,mock,NEGEMO,1
1024,mocked,NEGEMO,1
1025,mocker*,NEGEMO,1
1026,mocking,NEGEMO,1
1027,mocks,NEGEMO,1
1028,molest*,NEGEMO,1
1029,mooch*,NEGEMO,1
1030,moodi*,NEGEMO,1
1031,moody,NEGEMO,1
1032,moron*,NEGEMO,1
1033,mourn*,NEGEMO,1
1034,murder*,NEGEMO,1
1035,nag*,NEGEMO,1
1036,nast*,NEGEMO,1
1037,needy,NEGEMO,1
1038,neglect*,NEGEMO,1
1039,nerd*,NEGEMO,1
1040,nervous,NEGEMO,1
1041,nervously,NEGEMO,1
1042,nervousness,NEGEMO,1
1043,neurotic*,NEGEMO,1
1044,nightmar*,NEGEMO,1
1045,numbed,NEGEMO,1
1046,numbing,NEGEMO,1
1047,numbness,NEGEMO,1
1048,numbs,NEGEMO,1
1049,obnoxious*,NEGEMO,1
1050,obsess*,NEGEMO,1
1051,offence*,NEGEMO,1
1052,offend*,NEGEMO,1
1053,offense,NEGEMO,1
1054,offenses,NEGEMO,1
1055,offensive,NEGEMO,1
1056,outrag*,NEGEMO,1
1057,overwhelm*,NEGEMO,1
1058,pain,NEGEMO,1
1059,pained,NEGEMO,1
1060,painf*,NEGEMO,1
1061,pains,NEGEMO,1
1062,panic*,NEGEMO,1
1063,paranoi*,NEGEMO,1
1064,pathetic,NEGEMO,1
1065,pathetically,NEGEMO,1
1066,peculiar*,NEGEMO,1
1067,perv,NEGEMO,1
1068,perver*,NEGEMO,1
1069,pervy,NEGEMO,1
1070,pessimis*,NEGEMO,1
1071,pest*,NEGEMO,1
1072,petrif*,NEGEMO,1
1073,pettier,NEGEMO,1
1074,pettiest,NEGEMO,1
1075,petty,NEGEMO,1
1076,phobi*,NEGEMO,1
1077,phony,NEGEMO,1
1078,piss*,NEGEMO,1
1079,pitiable,NEGEMO,1
1080,pitied,NEGEMO,1
1081,pities,NEGEMO,1
1082,pitiful,NEGEMO,1
1083,pitifully,NEGEMO,1
1084,pity*,NEGEMO,1
1085,poison*,NEGEMO,1
1086,poor,NEGEMO,1
1087,poorer,NEGEMO,1
1088,poorest,NEGEMO,1
1089,poorly,NEGEMO,1
1090,poorness*,NEGEMO,1
1091,powerless*,NEGEMO,1
1092,prejudic*,NEGEMO,1
1093,pressur*,NEGEMO,1
1094,prick*,NEGEMO,1
1095,problem*,NEGEMO,1
1096,protest,NEGEMO,1
1097,protested,NEGEMO,1
1098,protesting,NEGEMO,1
1099,protests,NEGEMO,1
1100,puk*,NEGEMO,1
1101,punish*,NEGEMO,1
1102,pushy,NEGEMO,1
1103,queas*,NEGEMO,1
1104,rage*,NEGEMO,1
1105,raging,NEGEMO,1
1106,rancid*,NEGEMO,1
1107,rape*,NEGEMO,1
1108,raping,NEGEMO,1
1109,rapist*,NEGEMO,1
1110,rebel*,NEGEMO,1
1111,reek*,NEGEMO,1
1112,regret*,NEGEMO,1
1113,reject*,NEGEMO,1
1114,reluctan*,NEGEMO,1
1115,remorse*,NEGEMO,1
1116,repress*,NEGEMO,1
1117,resent*,NEGEMO,1
1118,resign*,NEGEMO,1
1119,restless*,NEGEMO,1
1120,revenge*,NEGEMO,1
1121,ridicul*,NEGEMO,1
1122,rigid,NEGEMO,1
1123,rigidity,NEGEMO,1
1124,rigidly,NEGEMO,1
1125,risk*,NEGEMO,1
1126,rotten,NEGEMO,1
1127,rude,NEGEMO,1
1128,rudely,NEGEMO,1
1129,ruin*,NEGEMO,1
1130,sad,NEGEMO,1
1131,sadder,NEGEMO,1
1132,saddest,NEGEMO,1
1133,sadly,NEGEMO,1
1134,sadness,NEGEMO,1
1135,sarcas*,NEGEMO,1
1136,savage*,NEGEMO,1
1137,scare,NEGEMO,1
1138,scared,NEGEMO,1
1139,scares,NEGEMO,1
1140,scarier,NEGEMO,1
1141,scariest,NEGEMO,1
1142,scaring,NEGEMO,1
1143,scary,NEGEMO,1
1144,sceptic*,NEGEMO,1
1145,scream*,NEGEMO,1
1146,screw*,NEGEMO,1
1147,selfish*,NEGEMO,1
1148,serious,NEGEMO,1
1149,seriously,NEGEMO,1
1150,seriousness,NEGEMO,1
1151,severe*,NEGEMO,1
1152,shake*,NEGEMO,1
1153,shaki*,NEGEMO,1
1154,shaky,NEGEMO,1
1155,shame*,NEGEMO,1
1156,shit*,NEGEMO,1
1157,shock*,NEGEMO,1
1158,shook,NEGEMO,1
1159,shy,NEGEMO,1
1160,shyly,NEGEMO,1
1161,shyness,NEGEMO,1
1162,sick,NEGEMO,1
1163,sicken*,NEGEMO,1
1164,sicker,NEGEMO,1
1165,sickest,NEGEMO,1
1166,sickly,NEGEMO,1
1167,sigh,NEGEMO,1
1168,sighed,NEGEMO,1
1169,sighing,NEGEMO,1
1170,sighs,NEGEMO,1
1171,sin,NEGEMO,1
1172,sinister,NEGEMO,1
1173,sins,NEGEMO,1
1174,slut*,NEGEMO,1
1175,smh,NEGEMO,1
1176,smother*,NEGEMO,1
1177,smug*,NEGEMO,1
1178,snob*,NEGEMO,1
1179,sob,NEGEMO,1
1180,sobbed,NEGEMO,1
1181,sobbing,NEGEMO,1
1182,sobs,NEGEMO,1
1183,solemn*,NEGEMO,1
1184,sorrow*,NEGEMO,1
1185,sorry,NEGEMO,1
1186,spite*,NEGEMO,1
1187,stale,NEGEMO,1
1188,stammer*,NEGEMO,1
1189,stank*,NEGEMO,1
1190,startl*,NEGEMO,1
1191,steal*,NEGEMO,1
1192,stench*,NEGEMO,1
1193,stink,NEGEMO,1
1194,stinky,NEGEMO,1
1195,strain*,NEGEMO,1
1196,strange,NEGEMO,1
1197,strangest,NEGEMO,1
1198,stress*,NEGEMO,1
1199,struggl*,NEGEMO,1
1200,stubborn*,NEGEMO,1
1201,stunk,NEGEMO,1
1202,stupid,NEGEMO,1
1203,stupider,NEGEMO,1
1204,stupidest,NEGEMO,1
1205,stupidity,NEGEMO,1
1206,stupidly,NEGEMO,1
1207,stutter*,NEGEMO,1
1208,suck,NEGEMO,1
1209,sucked,NEGEMO,1
1210,sucker*,NEGEMO,1
1211,sucks,NEGEMO,1
1212,sucky,NEGEMO,1
1213,suffer,NEGEMO,1
1214,suffered,NEGEMO,1
1215,sufferer*,NEGEMO,1
1216,suffering,NEGEMO,1
1217,suffers,NEGEMO,1
1218,suspicio*,NEGEMO,1
1219,tantrum*,NEGEMO,1
1220,tears,NEGEMO,1
1221,teas*,NEGEMO,1
1222,tedious,NEGEMO,1
1223,temper,NEGEMO,1
1224,tempers,NEGEMO,1
1225,tense,NEGEMO,1
1226,tensely,NEGEMO,1
1227,tensing,NEGEMO,1
1228,tension*,NEGEMO,1
1229,terrible,NEGEMO,1
1230,terribly,NEGEMO,1
1231,terrified,NEGEMO,1
1232,terrifies,NEGEMO,1
1233,terrify,NEGEMO,1
1234,terrifying,NEGEMO,1
1235,terror*,NEGEMO,1
1236,thief,NEGEMO,1
1237,thiev*,NEGEMO,1
1238,threat*,NEGEMO,1
1239,timid*,NEGEMO,1
1240,tortur*,NEGEMO,1
1241,traged*,NEGEMO,1
1242,tragic,NEGEMO,1
1243,tragically,NEGEMO,1
1244,trauma*,NEGEMO,1
1245,trembl*,NEGEMO,1
1246,trick,NEGEMO,1
1247,tricked,NEGEMO,1
1248,trickier,NEGEMO,1
1249,trickiest,NEGEMO,1
1250,tricks,NEGEMO,1
1251,tricky,NEGEMO,1
1252,trite,NEGEMO,1
1253,trivial,NEGEMO,1
1254,troubl*,NEGEMO,1
1255,turmoil,NEGEMO,1
1256,twitchy,NEGEMO,1
1257,ugh,NEGEMO,1
1258,uglier,NEGEMO,1
1259,ugliest,NEGEMO,1
1260,ugly,NEGEMO,1
1261,unaccept*,NEGEMO,1
1262,unattractive,NEGEMO,1
1263,uncertain*,NEGEMO,1
1264,uncomfortabl*,NEGEMO,1
1265,uncontrol*,NEGEMO,1
1266,undesir*,NEGEMO,1
1267,uneas*,NEGEMO,1
1268,unfair,NEGEMO,1
1269,unfortunate*,NEGEMO,1
1270,unfriendly,NEGEMO,1
1271,ungrateful*,NEGEMO,1
1272,unhapp*,NEGEMO,1
1273,unimportant,NEGEMO,1
1274,unimpress*,NEGEMO,1
1275,unkind,NEGEMO,1
1276,unlov*,NEGEMO,1
1277,unlucky,NEGEMO,1
1278,unpleasant,NEGEMO,1
1279,unprotected,NEGEMO,1
1280,unsafe,NEGEMO,1
1281,unsavory,NEGEMO,1
1282,unsettl*,NEGEMO,1
1283,unsuccessful*,NEGEMO,1
1284,unsure*,NEGEMO,1
1285,unwelcom*,NEGEMO,1
1286,upset,NEGEMO,1
1287,upsets,NEGEMO,1
1288,upsetting,NEGEMO,1
1289,uptight*,NEGEMO,1
1290,useless,NEGEMO,1
1291,uselessly,NEGEMO,1
1292,uselessness,NEGEMO,1
1293,vain,NEGEMO,1
1294,vanity,NEGEMO,1
1295,vicious,NEGEMO,1
1296,viciously,NEGEMO,1
1297,viciousness,NEGEMO,1
1298,victim*,NEGEMO,1
1299,vile,NEGEMO,1
1300,villain*,NEGEMO,1
1301,violat*,NEGEMO,1
1302,violence,NEGEMO,1
1303,violent,NEGEMO,1
1304,violently,NEGEMO,1
1305,vomit*,NEGEMO,1
1306,vulnerab*,NEGEMO,1
1307,war,NEGEMO,1
1308,warfare*,NEGEMO,1
1309,warn*,NEGEMO,1
1310,warred,NEGEMO,1
1311,warring,NEGEMO,1
1312,wars,NEGEMO,1
1313,weak,NEGEMO,1
1314,weaken,NEGEMO,1
1315,weakened,NEGEMO,1
1316,weakening,NEGEMO,1
1317,weakens,NEGEMO,1
1318,weaker,NEGEMO,1
1319,weakest,NEGEMO,1
1320,weakling,NEGEMO,1
1321,weakly,NEGEMO,1
1322,weapon*,NEGEMO,1
1323,weary,NEGEMO,1
1324,weep*,NEGEMO,1
1325,weird,NEGEMO,1
1326,weirded,NEGEMO,1
1327,weirder,NEGEMO,1
1328,weirdest,NEGEMO,1
1329,weirdly,NEGEMO,1
1330,weirdness,NEGEMO,1
1331,weirdo,NEGEMO,1
1332,weirdos,NEGEMO,1
1333,weirds,NEGEMO,1
1334,wept,NEGEMO,1
1335,whine*,NEGEMO,1
1336,whining,NEGEMO,1
1337,whore*,NEGEMO,1
1338,wicked,NEGEMO,1
1339,wickedly,NEGEMO,1
1340,wimp*,NEGEMO,1
1341,witch*,NEGEMO,1
1342,woe*,NEGEMO,1
1343,worried,NEGEMO,1
1344,worrier,NEGEMO,1
1345,worries,NEGEMO,1
1346,worry,NEGEMO,1
1347,worrying,NEGEMO,1
1348,worse,NEGEMO,1
1349,worsen,NEGEMO,1
1350,worsened,NEGEMO,1
1351,worsening,NEGEMO,1
1352,worsens,NEGEMO,1
1353,worst,NEGEMO,1
1354,worthless,NEGEMO,1
1355,wrong,NEGEMO,1
1356,wrongdoing,NEGEMO,1
1357,wronged,NEGEMO,1
1358,wrongful,NEGEMO,1
1359,wrongly,NEGEMO,1
1360,wrongness,NEGEMO,1
1361,wrongs,NEGEMO,1
1362,yearn*,NEGEMO,1
1363,yell,NEGEMO,1
1364,yelled,NEGEMO,1
1365,yelling,NEGEMO,1
1366,yells,NEGEMO,1
1367,yuck,NEGEMO,1
1368,accomplice*,SOCIAL,1
1369,acquainta*,SOCIAL,1
1370,admit,SOCIAL,1
1371,admits,SOCIAL,1
1372,admitted,SOCIAL,1
1373,admitting,SOCIAL,1
1374,adult,SOCIAL,1
1375,adults,SOCIAL,1
1376,advice,SOCIAL,1
1377,advis*,SOCIAL,1
1378,affair*,SOCIAL,1
1379,ally,SOCIAL,1
1380,amigo*,SOCIAL,1
1381,anonymous*,SOCIAL,1
1382,anybod*,SOCIAL,1
1383,anyone*,SOCIAL,1
1384,apolog*,SOCIAL,1
1385,approachable,SOCIAL,1
1386,argu*,SOCIAL,1
1387,armies,SOCIAL,1
1388,army,SOCIAL,1
1389,ask,SOCIAL,1
1390,asked,SOCIAL,1
1391,asking,SOCIAL,1
1392,asks,SOCIAL,1
1393,assembl*,SOCIAL,1
1394,aunt*,SOCIAL,1
1395,awkward,SOCIAL,1
1396,awkwardness,SOCIAL,1
1397,babe*,SOCIAL,1
1398,babies,SOCIAL,1
1399,baby,SOCIAL,1
1400,bachelor,SOCIAL,1
1401,bachelor'*,SOCIAL,1
1402,bachelorette,SOCIAL,1
1403,bachelors,SOCIAL,1
1404,bae,SOCIAL,1
1405,band,SOCIAL,1
1406,bands,SOCIAL,1
1407,banter*,SOCIAL,1
1408,bb,SOCIAL,1
1409,bby,SOCIAL,1
1410,bcc,SOCIAL,1
1411,beau,SOCIAL,1
1412,beloved,SOCIAL,1
1413,bestfriend*,SOCIAL,1
1414,bestie,SOCIAL,1
1415,besties,SOCIAL,1
1416,bf,SOCIAL,1
1417,bf's,SOCIAL,1
1418,bff*,SOCIAL,1
1419,bfs,SOCIAL,1
1420,blam*,SOCIAL,1
1421,boi,SOCIAL,1
1422,boy,SOCIAL,1
1423,boy's,SOCIAL,1
1424,boyfriend*,SOCIAL,1
1425,boyhood,SOCIAL,1
1426,boyish,SOCIAL,1
1427,boys,SOCIAL,1
1428,breakup,SOCIAL,1
1429,bride*,SOCIAL,1
1430,bro,SOCIAL,1
1431,bro'*,SOCIAL,1
1432,bros,SOCIAL,1
1433,brother*,SOCIAL,1
1434,bruh,SOCIAL,1
1435,bud,SOCIAL,1
1436,buddies,SOCIAL,1
1437,buddy*,SOCIAL,1
1438,bye,SOCIAL,1
1439,call,SOCIAL,1
1440,called,SOCIAL,1
1441,caller*,SOCIAL,1
1442,calling,SOCIAL,1
1443,calls,SOCIAL,1
1444,cc,SOCIAL,1
1445,cced,SOCIAL,1
1446,celebrat*,SOCIAL,1
1447,chap,SOCIAL,1
1448,chat*,SOCIAL,1
1449,chick,SOCIAL,1
1450,chick'*,SOCIAL,1
1451,chicks,SOCIAL,1
1452,child,SOCIAL,1
1453,child'*,SOCIAL,1
1454,children*,SOCIAL,1
1455,chit-chat*,SOCIAL,1
1456,chitchat*,SOCIAL,1
1457,chum,SOCIAL,1
1458,chums,SOCIAL,1
1459,citizen,SOCIAL,1
1460,citizen'*,SOCIAL,1
1461,citizens,SOCIAL,1
1462,classmate,SOCIAL,1
1463,classmates,SOCIAL,1
1464,clique*,SOCIAL,1
1465,co-work*,SOCIAL,1
1466,colleague*,SOCIAL,1
1467,coma*,SOCIAL,1
1468,comment*,SOCIAL,1
1469,commun*,SOCIAL,1
1470,compadre*,SOCIAL,1
1471,companion*,SOCIAL,1
1472,company,SOCIAL,1
1473,compassion*,SOCIAL,1
1474,complain*,SOCIAL,1
1475,compliment*,SOCIAL,1
1476,comrad*,SOCIAL,1
1477,confess*,SOCIAL,1
1478,confidant*,SOCIAL,1
1479,confide,SOCIAL,1
1480,confided,SOCIAL,1
1481,confides,SOCIAL,1
1482,confiding,SOCIAL,1
1483,congregat*,SOCIAL,1
1484,consult*,SOCIAL,1
1485,contact,SOCIAL,1
1486,contacted,SOCIAL,1
1487,contacts,SOCIAL,1
1488,contradic*,SOCIAL,1
1489,convers*,SOCIAL,1
1490,counc*,SOCIAL,1
1491,couns*,SOCIAL,1
1492,courtship,SOCIAL,1
1493,cousin*,SOCIAL,1
1494,cowboy*,SOCIAL,1
1495,cowgirl*,SOCIAL,1
1496,cowork*,SOCIAL,1
1497,crew,SOCIAL,1
1498,crowd*,SOCIAL,1
1499,cultur*,SOCIAL,1
1500,cutie*,SOCIAL,1
1501,dad,SOCIAL,1
1502,dad's,SOCIAL,1
1503,daddies,SOCIAL,1
1504,daddy,SOCIAL,1
1505,daddy's,SOCIAL,1
1506,dads,SOCIAL,1
1507,dame*,SOCIAL,1
1508,damsel*,SOCIAL,1
1509,dance,SOCIAL,1
1510,danced,SOCIAL,1
1511,dances,SOCIAL,1
1512,dancing,SOCIAL,1
1513,darlin*,SOCIAL,1
1514,date,SOCIAL,1
1515,dating,SOCIAL,1
1516,daughter*,SOCIAL,1
1517,dawg*,SOCIAL,1
1518,dear,SOCIAL,1
1519,debate,SOCIAL,1
1520,dilf*,SOCIAL,1
1521,disclo*,SOCIAL,1
1522,discuss*,SOCIAL,1
1523,divorc*,SOCIAL,1
1524,duchess*,SOCIAL,1
1525,dude*,SOCIAL,1
1526,duke*,SOCIAL,1
1527,e-mail,SOCIAL,1
1528,e-mailed,SOCIAL,1
1529,e-mailing,SOCIAL,1
1530,e-mails,SOCIAL,1
1531,email,SOCIAL,1
1532,emailed,SOCIAL,1
1533,emailing,SOCIAL,1
1534,emails,SOCIAL,1
1535,embarrass*,SOCIAL,1
1536,encourag*,SOCIAL,1
1537,enemie*,SOCIAL,1
1538,enemy*,SOCIAL,1
1539,engag*,SOCIAL,1
1540,everybod*,SOCIAL,1
1541,everyone*,SOCIAL,1
1542,everything*,SOCIAL,1
1543,ex,SOCIAL,1
1544,ex-bf*,SOCIAL,1
1545,ex-boyfriend*,SOCIAL,1
1546,ex-gf*,SOCIAL,1
1547,ex-girlfriend*,SOCIAL,1
1548,exbf*,SOCIAL,1
1549,exboy*,SOCIAL,1
1550,excus*,SOCIAL,1
1551,exes,SOCIAL,1
1552,exgf*,SOCIAL,1
1553,exgirl*,SOCIAL,1
1554,exhusb*,SOCIAL,1
1555,explain,SOCIAL,1
1556,explained,SOCIAL,1
1557,explaining,SOCIAL,1
1558,explains,SOCIAL,1
1559,express*,SOCIAL,1
1560,exwife*,SOCIAL,1
1561,exwive*,SOCIAL,1
1562,facebook,SOCIAL,1
1563,fam,SOCIAL,1
1564,families,SOCIAL,1
1565,family,SOCIAL,1
1566,farewell,SOCIAL,1
1567,father*,SOCIAL,1
1568,fb,SOCIAL,1
1569,fella,SOCIAL,1
1570,fellow,SOCIAL,1
1571,fellow's,SOCIAL,1
1572,fellows,SOCIAL,1
1573,fellowship*,SOCIAL,1
1574,female,SOCIAL,1
1575,females,SOCIAL,1
1576,feminine,SOCIAL,1
1577,femininity,SOCIAL,1
1578,femme*,SOCIAL,1
1579,feud*,SOCIAL,1
1580,fiance,SOCIAL,1
1581,fiance's,SOCIAL,1
1582,fiancee*,SOCIAL,1
1583,fiances,SOCIAL,1
1584,fight*,SOCIAL,1
1585,flatter*,SOCIAL,1
1586,flirt,SOCIAL,1
1587,flirtatious,SOCIAL,1
1588,flirted,SOCIAL,1
1589,flirting,SOCIAL,1
1590,flirts,SOCIAL,1
1591,flirty,SOCIAL,1
1592,foe*,SOCIAL,1
1593,folks,SOCIAL,1
1594,follower*,SOCIAL,1
1595,fool,SOCIAL,1
1596,fooled,SOCIAL,1
1597,fooling,SOCIAL,1
1598,fools,SOCIAL,1
1599,forgave,SOCIAL,1
1600,forgiv*,SOCIAL,1
1601,formal,SOCIAL,1
1602,forwarded,SOCIAL,1
1603,fought,SOCIAL,1
1604,frenem*,SOCIAL,1
1605,friend,SOCIAL,1
1606,friendlier,SOCIAL,1
1607,friendliest,SOCIAL,1
1608,friendly,SOCIAL,1
1609,friends,SOCIAL,1
1610,fwb,SOCIAL,1
1611,gal,SOCIAL,1
1612,gals,SOCIAL,1
1613,game*,SOCIAL,1
1614,gang,SOCIAL,1
1615,gangs,SOCIAL,1
1616,gather*,SOCIAL,1
1617,gave,SOCIAL,1
1618,genero*,SOCIAL,1
1619,gent,SOCIAL,1
1620,gentlem*,SOCIAL,1
1621,gentlewom*,SOCIAL,1
1622,gents,SOCIAL,1
1623,gf*,SOCIAL,1
1624,girl,SOCIAL,1
1625,girl's,SOCIAL,1
1626,girlfriend*,SOCIAL,1
1627,girlh*,SOCIAL,1
1628,girli*,SOCIAL,1
1629,girls*,SOCIAL,1
1630,girly,SOCIAL,1
1631,give,SOCIAL,1
1632,giver*,SOCIAL,1
1633,gives,SOCIAL,1
1634,giving,SOCIAL,1
1635,goddess*,SOCIAL,1
1636,godfather*,SOCIAL,1
1637,godmother,SOCIAL,1
1638,godparent,SOCIAL,1
1639,goodbye,SOCIAL,1
1640,gossip*,SOCIAL,1
1641,gramp*,SOCIAL,1
1642,grandchil*,SOCIAL,1
1643,granddad*,SOCIAL,1
1644,granddau*,SOCIAL,1
1645,grandfath*,SOCIAL,1
1646,grandkid*,SOCIAL,1
1647,grandm*,SOCIAL,1
1648,grandpa*,SOCIAL,1
1649,grandson*,SOCIAL,1
1650,granny,SOCIAL,1
1651,greet*,SOCIAL,1
1652,grl*,SOCIAL,1
1653,groom'*,SOCIAL,1
1654,group*,SOCIAL,1
1655,grown-up*,SOCIAL,1
1656,grownup*,SOCIAL,1
1657,grudg*,SOCIAL,1
1658,guest*,SOCIAL,1
1659,gurl*,SOCIAL,1
1660,guy*,SOCIAL,1
1661,handshake,SOCIAL,1
1662,hangout*,SOCIAL,1
1663,he,SOCIAL,1
1664,he'd,SOCIAL,1
1665,he'll,SOCIAL,1
1666,he's,SOCIAL,1
1667,he-*,SOCIAL,1
1668,hear,SOCIAL,1
1669,heard,SOCIAL,1
1670,hearing,SOCIAL,1
1671,hears,SOCIAL,1
1672,hello*,SOCIAL,1
1673,help,SOCIAL,1
1674,helper*,SOCIAL,1
1675,helpful,SOCIAL,1
1676,helpfully,SOCIAL,1
1677,helpfulness,SOCIAL,1
1678,helping,SOCIAL,1
1679,helps,SOCIAL,1
1680,her,SOCIAL,1
1681,heroine*,SOCIAL,1
1682,hers,SOCIAL,1
1683,herself,SOCIAL,1
1684,hes,SOCIAL,1
1685,hey,SOCIAL,1
1686,hi,SOCIAL,1
1687,him,SOCIAL,1
1688,himself,SOCIAL,1
1689,hipster,SOCIAL,1
1690,his,SOCIAL,1
1691,hissel*,SOCIAL,1
1692,homie,SOCIAL,1
1693,honey,SOCIAL,1
1694,honeymoon*,SOCIAL,1
1695,hostil*,SOCIAL,1
1696,hottie,SOCIAL,1
1697,househusband*,SOCIAL,1
1698,housewi*,SOCIAL,1
1699,hubby,SOCIAL,1
1700,hug,SOCIAL,1
1701,human*,SOCIAL,1
1702,husband*,SOCIAL,1
1703,impersonal,SOCIAL,1
1704,impolite*,SOCIAL,1
1705,impress*,SOCIAL,1
1706,in-law*,SOCIAL,1
1707,individual*,SOCIAL,1
1708,infant,SOCIAL,1
1709,infant's,SOCIAL,1
1710,infants*,SOCIAL,1
1711,inform,SOCIAL,1
1712,informed,SOCIAL,1
1713,informing,SOCIAL,1
1714,informs,SOCIAL,1
1715,inlaw*,SOCIAL,1
1716,inquir*,SOCIAL,1
1717,instagram,SOCIAL,1
1718,insult*,SOCIAL,1
1719,interact*,SOCIAL,1
1720,interpersonal*,SOCIAL,1
1721,interrup*,SOCIAL,1
1722,interview*,SOCIAL,1
1723,involv*,SOCIAL,1
1724,kegger*,SOCIAL,1
1725,kid,SOCIAL,1
1726,kid'*,SOCIAL,1
1727,kidding,SOCIAL,1
1728,kids*,SOCIAL,1
1729,kik,SOCIAL,1
1730,kin,SOCIAL,1
1731,king,SOCIAL,1
1732,king's,SOCIAL,1
1733,kingl*,SOCIAL,1
1734,kings,SOCIAL,1
1735,knight*,SOCIAL,1
1736,lad,SOCIAL,1
1737,ladies,SOCIAL,1
1738,lady,SOCIAL,1
1739,lady's,SOCIAL,1
1740,language*,SOCIAL,1
1741,lass,SOCIAL,1
1742,lassie,SOCIAL,1
1743,leader*,SOCIAL,1
1744,lesbian*,SOCIAL,1
1745,let's,SOCIAL,1
1746,lets,SOCIAL,1
1747,letter,SOCIAL,1
1748,liar*,SOCIAL,1
1749,likeab*,SOCIAL,1
1750,listen,SOCIAL,1
1751,listened,SOCIAL,1
1752,listener*,SOCIAL,1
1753,listening,SOCIAL,1
1754,listens,SOCIAL,1
1755,locals,SOCIAL,1
1756,love,SOCIAL,1
1757,loved,SOCIAL,1
1758,lover*,SOCIAL,1
1759,loves,SOCIAL,1
1760,loving*,SOCIAL,1
1761,luv,SOCIAL,1
1762,lying,SOCIAL,1
1763,ma,SOCIAL,1
1764,ma'am,SOCIAL,1
1765,ma's,SOCIAL,1
1766,maam,SOCIAL,1
1767,madam,SOCIAL,1
1768,madame*,SOCIAL,1
1769,mademoiselle*,SOCIAL,1
1770,maid,SOCIAL,1
1771,maid's,SOCIAL,1
1772,maiden,SOCIAL,1
1773,maids,SOCIAL,1
1774,mail,SOCIAL,1
1775,mailed,SOCIAL,1
1776,mailing,SOCIAL,1
1777,mails,SOCIAL,1
1778,male,SOCIAL,1
1779,male's,SOCIAL,1
1780,males,SOCIAL,1
1781,mam,SOCIAL,1
1782,mama,SOCIAL,1
1783,man,SOCIAL,1
1784,man's,SOCIAL,1
1785,manly,SOCIAL,1
1786,manners,SOCIAL,1
1787,marriag*,SOCIAL,1
1788,marrie*,SOCIAL,1
1789,marry,SOCIAL,1
1790,masculine,SOCIAL,1
1791,masculinity,SOCIAL,1
1792,mate,SOCIAL,1
1793,mate's,SOCIAL,1
1794,maternal*,SOCIAL,1
1795,maternity,SOCIAL,1
1796,mates,SOCIAL,1
1797,mating,SOCIAL,1
1798,matriarch*,SOCIAL,1
1799,meet,SOCIAL,1
1800,meeting*,SOCIAL,1
1801,meets,SOCIAL,1
1802,member*,SOCIAL,1
1803,men,SOCIAL,1
1804,men'*,SOCIAL,1
1805,mens,SOCIAL,1
1806,mention*,SOCIAL,1
1807,message,SOCIAL,1
1808,messaged,SOCIAL,1
1809,messages,SOCIAL,1
1810,messaging,SOCIAL,1
1811,met,SOCIAL,1
1812,milf*,SOCIAL,1
1813,mimi,SOCIAL,1
1814,mimi'*,SOCIAL,1
1815,mimis,SOCIAL,1
1816,missus,SOCIAL,1
1817,mister,SOCIAL,1
1818,mistres*,SOCIAL,1
1819,mock,SOCIAL,1
1820,mocked,SOCIAL,1
1821,mocking,SOCIAL,1
1822,mocks,SOCIAL,1
1823,mom,SOCIAL,1
1824,mom's,SOCIAL,1
1825,momma*,SOCIAL,1
1826,mommy*,SOCIAL,1
1827,moms,SOCIAL,1
1828,monsieur,SOCIAL,1
1829,mooch*,SOCIAL,1
1830,mother,SOCIAL,1
1831,mother's,SOCIAL,1
1832,mothered,SOCIAL,1
1833,motherhood,SOCIAL,1
1834,mothering,SOCIAL,1
1835,motherl*,SOCIAL,1
1836,mothers,SOCIAL,1
1837,mr,SOCIAL,1
1838,mrs,SOCIAL,1
1839,ms,SOCIAL,1
1840,mum,SOCIAL,1
1841,mum's,SOCIAL,1
1842,mummy*,SOCIAL,1
1843,mums,SOCIAL,1
1844,name,SOCIAL,1
1845,names,SOCIAL,1
1846,nana,SOCIAL,1
1847,nana's,SOCIAL,1
1848,nanas,SOCIAL,1
1849,nann*,SOCIAL,1
1850,negotiat*,SOCIAL,1
1851,neighbor*,SOCIAL,1
1852,neighbour*,SOCIAL,1
1853,nephew*,SOCIAL,1
1854,newborn*,SOCIAL,1
1855,niece*,SOCIAL,1
1856,offer*,SOCIAL,1
1857,oomf,SOCIAL,1
1858,our,SOCIAL,1
1859,ours,SOCIAL,1
1860,ourselves,SOCIAL,1
1861,outsider*,SOCIAL,1
1862,overhear*,SOCIAL,1
1863,owner*,SOCIAL,1
1864,pa,SOCIAL,1
1865,pa's,SOCIAL,1
1866,pal,SOCIAL,1
1867,pal's,SOCIAL,1
1868,pals,SOCIAL,1
1869,papa,SOCIAL,1
1870,papa's,SOCIAL,1
1871,papas,SOCIAL,1
1872,pappy,SOCIAL,1
1873,pappy's,SOCIAL,1
1874,parent*,SOCIAL,1
1875,participant*,SOCIAL,1
1876,participat*,SOCIAL,1
1877,partie*,SOCIAL,1
1878,partner*,SOCIAL,1
1879,party*,SOCIAL,1
1880,paternal,SOCIAL,1
1881,paternity,SOCIAL,1
1882,patriarch*,SOCIAL,1
1883,peeps,SOCIAL,1
1884,people*,SOCIAL,1
1885,person,SOCIAL,1
1886,person's,SOCIAL,1
1887,personal,SOCIAL,1
1888,persons,SOCIAL,1
1889,persua*,SOCIAL,1
1890,phone*,SOCIAL,1
1891,phoning,SOCIAL,1
1892,playmate*,SOCIAL,1
1893,polite,SOCIAL,1
1894,politely,SOCIAL,1
1895,popular,SOCIAL,1
1896,posse,SOCIAL,1
1897,ppl*,SOCIAL,1
1898,prais*,SOCIAL,1
1899,pregnan*,SOCIAL,1
1900,prince,SOCIAL,1
1901,prince'*,SOCIAL,1
1902,princes,SOCIAL,1
1903,princess*,SOCIAL,1
1904,private,SOCIAL,1
1905,prom,SOCIAL,1
1906,provide,SOCIAL,1
1907,provides,SOCIAL,1
1908,providing,SOCIAL,1
1909,public,SOCIAL,1
1910,queen,SOCIAL,1
1911,queen's,SOCIAL,1
1912,queens,SOCIAL,1
1913,question,SOCIAL,1
1914,reassur*,SOCIAL,1
1915,receiv*,SOCIAL,1
1916,recommend*,SOCIAL,1
1917,refus*,SOCIAL,1
1918,relate*,SOCIAL,1
1919,relationship*,SOCIAL,1
1920,relatives,SOCIAL,1
1921,replie*,SOCIAL,1
1922,reply*,SOCIAL,1
1923,request*,SOCIAL,1
1924,respond*,SOCIAL,1
1925,role*,SOCIAL,1
1926,roomate*,SOCIAL,1
1927,roomed,SOCIAL,1
1928,roomie*,SOCIAL,1
1929,rooming,SOCIAL,1
1930,roommate*,SOCIAL,1
1931,rt,SOCIAL,1
1932,rumor*,SOCIAL,1
1933,rumour*,SOCIAL,1
1934,said,SOCIAL,1
1935,say,SOCIAL,1
1936,saying,SOCIAL,1
1937,says,SOCIAL,1
1938,schoolboy*,SOCIAL,1
1939,schoolgirl*,SOCIAL,1
1940,schoolmate,SOCIAL,1
1941,secret,SOCIAL,1
1942,secretive,SOCIAL,1
1943,secretively,SOCIAL,1
1944,secretly,SOCIAL,1
1945,secrets,SOCIAL,1
1946,self,SOCIAL,1
1947,send,SOCIAL,1
1948,sender,SOCIAL,1
1949,sending,SOCIAL,1
1950,sends,SOCIAL,1
1951,senor,SOCIAL,1
1952,senora,SOCIAL,1
1953,senorita,SOCIAL,1
1954,sent,SOCIAL,1
1955,share,SOCIAL,1
1956,shared,SOCIAL,1
1957,shares,SOCIAL,1
1958,sharing,SOCIAL,1
1959,she,SOCIAL,1
1960,she'd,SOCIAL,1
1961,she'll,SOCIAL,1
1962,she's,SOCIAL,1
1963,she-*,SOCIAL,1
1964,shes,SOCIAL,1
1965,shy,SOCIAL,1
1966,shyly,SOCIAL,1
1967,shyness,SOCIAL,1
1968,sibling*,SOCIAL,1
1969,sidekick*,SOCIAL,1
1970,sir,SOCIAL,1
1971,sis,SOCIAL,1
1972,sister*,SOCIAL,1
1973,sms,SOCIAL,1
1974,smsed,SOCIAL,1
1975,snapchat*,SOCIAL,1
1976,snob*,SOCIAL,1
1977,sociability,SOCIAL,1
1978,sociable,SOCIAL,1
1979,social,SOCIAL,1
1980,socially,SOCIAL,1
1981,societ*,SOCIAL,1
1982,somebod*,SOCIAL,1
1983,someone*,SOCIAL,1
1984,son,SOCIAL,1
1985,son's,SOCIAL,1
1986,son-in-law*,SOCIAL,1
1987,sons,SOCIAL,1
1988,sororit*,SOCIAL,1
1989,soulmate*,SOCIAL,1
1990,speak,SOCIAL,1
1991,speaking,SOCIAL,1
1992,speaks,SOCIAL,1
1993,spoke*,SOCIAL,1
1994,spous*,SOCIAL,1
1995,squad*,SOCIAL,1
1996,step-child*,SOCIAL,1
1997,step-dad*,SOCIAL,1
1998,step-dau*,SOCIAL,1
1999,step-fath*,SOCIAL,1
2000,step-kid*,SOCIAL,1
2001,step-moth*,SOCIAL,1
2002,step-son*,SOCIAL,1
2003,stepchild*,SOCIAL,1
2004,stepdad*,SOCIAL,1
2005,stepdau*,SOCIAL,1
2006,stepfath*,SOCIAL,1
2007,stepkid*,SOCIAL,1
2008,stepmoth*,SOCIAL,1
2009,stepson,SOCIAL,1
2010,stories,SOCIAL,1
2011,story,SOCIAL,1
2012,sugardadd*,SOCIAL,1
2013,sugarmam*,SOCIAL,1
2014,sugarmom*,SOCIAL,1
2015,suggest*,SOCIAL,1
2016,sweetheart*,SOCIAL,1
2017,sweetie*,SOCIAL,1
2018,sympath*,SOCIAL,1
2019,talk,SOCIAL,1
2020,talkative,SOCIAL,1
2021,talked,SOCIAL,1
2022,talker*,SOCIAL,1
2023,talking,SOCIAL,1
2024,talks,SOCIAL,1
2025,team*,SOCIAL,1
2026,teas*,SOCIAL,1
2027,teen,SOCIAL,1
2028,teenage*,SOCIAL,1
2029,telephon*,SOCIAL,1
2030,tell,SOCIAL,1
2031,telling,SOCIAL,1
2032,tells,SOCIAL,1
2033,texted,SOCIAL,1
2034,texting,SOCIAL,1
2035,thee,SOCIAL,1
2036,their*,SOCIAL,1
2037,them,SOCIAL,1
2038,themselves,SOCIAL,1
2039,they,SOCIAL,1
2040,they'd,SOCIAL,1
2041,they'll,SOCIAL,1
2042,they're,SOCIAL,1
2043,they've,SOCIAL,1
2044,theyd,SOCIAL,1
2045,theyll,SOCIAL,1
2046,theyre,SOCIAL,1
2047,theyve,SOCIAL,1
2048,thine,SOCIAL,1
2049,thou,SOCIAL,1
2050,thoust,SOCIAL,1
2051,thy,SOCIAL,1
2052,together,SOCIAL,1
2053,told,SOCIAL,1
2054,tomboy*,SOCIAL,1
2055,trust,SOCIAL,1
2056,trusted,SOCIAL,1
2057,trusting,SOCIAL,1
2058,trusts,SOCIAL,1
2059,tweet*,SOCIAL,1
2060,twitter,SOCIAL,1
2061,uncle,SOCIAL,1
2062,uncle's,SOCIAL,1
2063,uncles,SOCIAL,1
2064,ur,SOCIAL,1
2065,us,SOCIAL,1
2066,valentin*,SOCIAL,1
2067,visit,SOCIAL,1
2068,visited,SOCIAL,1
2069,visiting,SOCIAL,1
2070,visits,SOCIAL,1
2071,we,SOCIAL,1
2072,we'd,SOCIAL,1
2073,we'll,SOCIAL,1
2074,we're,SOCIAL,1
2075,we've,SOCIAL,1
2076,wed,SOCIAL,1
2077,wedding*,SOCIAL,1
2078,weds,SOCIAL,1
2079,welcom*,SOCIAL,1
2080,wench*,SOCIAL,1
2081,weve,SOCIAL,1
2082,who,SOCIAL,1
2083,who'd,SOCIAL,1
2084,who'll,SOCIAL,1
2085,who's,SOCIAL,1
2086,whod,SOCIAL,1
2087,whoever,SOCIAL,1
2088,wholl,SOCIAL,1
2089,whom,SOCIAL,1
2090,whomever,SOCIAL,1
2091,whos,SOCIAL,1
2092,whose,SOCIAL,1
2093,widow*,SOCIAL,1
2094,wife*,SOCIAL,1
2095,witch*,SOCIAL,1
2096,wive*,SOCIAL,1
2097,woman,SOCIAL,1
2098,woman's,SOCIAL,1
2099,womanhood,SOCIAL,1
2100,womanly,SOCIAL,1
2101,womans,SOCIAL,1
2102,women*,SOCIAL,1
2103,y'all,SOCIAL,1
2104,y'all's,SOCIAL,1
2105,ya,SOCIAL,1
2106,ya'll*,SOCIAL,1
2107,yall,SOCIAL,1
2108,yalls,SOCIAL,1
2109,ye,SOCIAL,1
2110,you,SOCIAL,1
2111,you'd,SOCIAL,1
2112,you'll,SOCIAL,1
2113,you're,SOCIAL,1
2114,you've,SOCIAL,1
2115,youd,SOCIAL,1
2116,youll,SOCIAL,1
2117,youngster*,SOCIAL,1
2118,your,SOCIAL,1
2119,youre,SOCIAL,1
2120,yours,SOCIAL,1
2121,yourself,SOCIAL,1
2122,yourselves,SOCIAL,1
2123,youve,SOCIAL,1
